,Best Hand,Arithmancy,Astronomy,Herbology,Defense Against the Dark Arts,Divination,Muggle Studies,Ancient Runes,History of Magic,Transfiguration,Potions,Care of Magical Creatures,Charms,Flying
count,1251,1251,1251,1251,1251,1251,1251,1251,1251,1251,1251,1251,1251,1251
mean,0.4980015987210232,-4.3259146681129666e-17,-4.587518525638746e-17,3.9942926702873446e-17,-2.457871591661783e-18,-1.6491659712064082e-17,-2.5037703502987393e-17,-2.4149125722487044e-16,-4.6061518963089604e-17,-1.7155048441338673e-15,-6.498886355569186e-18,-1.705794084675795e-17,-2.5527717818193873e-15,2.5051938531511032e-17
std,0.5001959647952414,1.0000000000000007,0.9999999999999993,1.0000000000000004,0.9999999999999993,1.000000000000001,1.0000000000000004,1.0,0.9999999999999987,1.0000000000000007,0.9999999999999993,1.0000000000000007,0.9999999999999993,0.9999999999999996
min,0,-4.420134418541983,-1.9449555482886645,-2.198893155990181,-1.861489133249511,-2.9046108080296875,-1.6929521991988594,-1.9902598941637206,-2.559974162032196,-2.801898288509117,-3.088072849117631,-3.3407417512949844,-2.0161979383461808,-2.0927724782572024
25%,0,-0.677129215078461,-1.0209746064786545,-1.0435617689854866,-0.925186848161239,-0.02695956286472941,-0.7241785064514545,-0.9364420667310396,-0.16936381444877693,-0.09864936098653229,-0.7358507110527782,-0.648610997065279,-0.8259729782394981,-0.6465039939112324
50%,0,-0.03952384009552852,0.4330490044299874,0.44742652701571917,-0.43304900442998734,0.3422944177067336,-0.4046728942736227,-0.2991629268512005,0.31950849600000797,0.3550879320727291,-0.029887547770960143,-0.0008228136891006749,-0.16648007774668647,-0.256038100238254
75%,1.0,0.6790620278599288,0.9249893602523536,0.8183362151347282,1.0208339507694226,0.611329267846416,1.0042523699741044,0.9489721508450555,0.6540943471612354,0.647170797143469,0.7236386542736972,0.6579104822579125,1.228372530778885,0.3019383778962129
max,1,3.323217325757269,1.861489133249511,1.7436459976505014,1.9449555482886642,1.6585218807318889,2.7120219625897466,2.3347702939679746,1.9993702478162116,1.4687021268034723,2.441407170828459,3.2086287722207922,2.036036070774811,2.618392380850826
