,Best Hand,Arithmancy,Astronomy,Herbology,Defense Against the Dark Arts,Divination,Muggle Studies,Ancient Runes,History of Magic,Transfiguration,Potions,Care of Magical Creatures,Charms,Flying
count,1251,1251,1251,1251,1251,1251,1251,1251,1251,1251,1251,1251,1251,1251
mean,0.4980015987210232,49453.10951239009,46.476448789304136,1.1894574337480681,-0.4647644878930413,3.213830535571543,-222.90366613760273,496.25145678798293,2.978593497775142,1029.8628682296342,5.961275574309777,-0.06431538961850278,-243.32572261390885,23.109008792965625
std,0.5001959647952414,16701.55305746137,520.94609325238,5.223136991041959,5.2094609325238,4.110991566430024,484.9858499871736,106.71061034647458,4.4569630192309955,43.98287726699839,3.102918120828654,0.9726463810758231,8.79040547012408,97.75501681068208
min,0,-24370.0,-966.7405456412164,-10.295662748653244,-10.16211940387396,-8.727,-1043.9615274537164,283.8696087336624,-8.431116672589212,906.6273196915248,-3.62076162765629,-3.313675764124477,-261.04892,-181.47
25%,0,38144.0,-485.3962837656369,-4.261208644277211,-5.284489228673845,3.103,-574.1199946314033,396.3231522929996,2.223745239981043,1025.5239854928957,3.6779910687594617,-0.6951845286400278,-250.58636,-40.09
50%,0,48793.0,272.07163583393867,3.5264274777773053,-2.7207163583393865,4.621,-419.16429373366526,464.3275982706536,4.402631048777292,1045.4806571649813,5.868536960744133,-0.0651156963755062,-244.78915,-1.92
75%,1.0,60794.5,528.346042312786,5.463739590127537,4.85323009723419,5.727,264.14452311592174,597.5168542064655,5.893867814160808,1058.327301971181,8.206667067587695,0.5755988600215054,-232.52783,52.625
max,1,104956.0,1016.211940387396,10.296759343358662,9.667405456412162,10.032,1092.3886105728684,745.3962198761234,11.889712754042709,1094.4606136146108,13.53676212499442,3.0565457738978123,-225.42814,279.07
